Pollutant,Pre-SEZ Mean,Post-SEZ Mean,Change (%) (Mean),Pre-SEZ Median,Post-SEZ Median,Change (%) (Median),Pre-SEZ Distribution,Post-SEZ Distribution,Distribution Changed,Pre-SEZ Exceedance (%),Post-SEZ Exceedance (%),Exceedance Change (pp)
PM2.5,111.16942465753424,115.69592627334247,4.071714529199425,86.75,108.7604167,25.372238270893366,Gamma,Lognormal,True,69.31506849315069,85.75342465753425,16.438356164383563
PM10,218.4816712328767,196.40660674698628,-10.103851898112264,205.49,184.3594203,-10.283020925592485,Weibull,Gamma,True,82.73972602739727,84.65753424657534,1.9178082191780703
NO,8.947671232876713,19.412083450835617,116.95123731758473,7.09,10.5147619,48.30411706629055,Lognormal,Lognormal,False,0.273972602739726,2.191780821917808,1.917808219178082
NO2,11.421315068493152,25.367550876420545,122.10709295989469,9.98,23.16177778,132.08194168336672,Gamma,Lognormal,True,0.0,1.9178082191780823,1.9178082191780823
CO,0.9245205479452054,1.1392999593369864,23.231437296784723,0.64,0.736319444,15.049913125000005,Lognormal,Lognormal,False,0.0,1.9178082191780823,1.9178082191780823
SO2,3.6191780821917807,2.997640725854795,-17.17343944458742,2.84,2.463333333,-13.262910809859148,Lognormal,Lognormal,False,0.0,0.0,0.0
Ozone,31.53854794520548,33.75994144493151,7.043423506958671,29.62,35.06795139,18.392813605671833,Lognormal,Lognormal,False,0.0,0.0,0.0
